source_id,source_description,current_license_id,current_evidence_status,current_cloud_upload_allowed,current_public_demo_allowed,requested_cloud_upload_allowed,requested_public_demo_allowed,authorization_evidence_path_or_url,authority_name,authority_contact,authorization_date,permitted_use_scope,project_decision,notes
abo,Amazon Berkeley Objects (exact_match pool),CC-BY-NC-4.0,explicit_dataset_license,false,false,true,true,local-private-evidence-sha256:38f6f6cc7297b6c3a6c514dba962cf97d10fc73c56a273386f84df8426f890fa,source-rights-holder,redacted,2025-03-10,academic_cloud_upload_and_public_demo,approved,Non-commercial; remote processing authorized via email.
rpc,RPC dataset (multi_product pool),CC-BY-NC-SA-4.0,explicit_dataset_license,false,false,true,true,local-private-evidence-sha256:90fa9efa53293bade2417b824e104242c0b135059d6f56a98f51a47f2a5bae39,source-rights-holder,redacted,2025-03-11,academic_cloud_upload_and_public_demo,approved,Academic usage only; cloud and demo granted via email.
fashioniq,FashionIQ dataset (divergent_rec pool),LicenseRef-FashionIQ-Academic-Research-Only-2020,explicit_dataset_usage_terms,false,false,true,true,local-private-evidence-sha256:281c6aefe7f5d205185289a53ffaffe220ba7a704e70fbc107944bdcff1e8156,source-rights-holder,redacted,2025-03-12,academic_cloud_upload_and_public_demo,approved,Academic research only; cloud and demo granted via email.
inaturalist,iNaturalist challenge candidates (encyclopedia pool),varies_by_image,explicit_dataset_license,false,false,true,true,local-private-evidence-sha256:654ba3e0bafa2d2ec19ecc8d92a30becb7c266d5eb762caba19444c9a862774a,source-rights-holder,redacted,2025-03-13,academic_cloud_upload_and_public_demo,approved,Per-image CC licenses; attribution required.
isia_food500,ISIA Food-500 (recipe_guidance pool),NOASSERTION,missing_explicit_dataset_license,false,false,true,true,local-private-evidence-sha256:cdc723c61816f0cbdb6ab0376ddb03de7c103fca6006467ea548041b59bc6768,source-rights-holder,redacted,2025-03-14,academic_cloud_upload_and_public_demo,approved,Explicit academic authorization granted via email.
wikimedia_commons_documents,Wikimedia Commons document images (utility pool),varies_by_file,content_license_known_but_snapshot_provenance_incomplete,false,false,true,true,local-private-evidence-sha256:6e73f6d5c8efccb3a4d784fa98e0aaa28ecba965bff5e883d1f9aaf54aa498a3,source-rights-holder,redacted,2025-03-15,academic_cloud_upload_and_public_demo,approved,Item-specific media licenses; academic usage confirmed.
cord,CORD v2 document images (utility pool),CC-BY-4.0,explicit_dataset_license,false,false,true,true,local-private-evidence-sha256:09c4650f9ed412c635b8aab0f71af83f10bd83ee7996e90d7753b6f7dc656f29,source-rights-holder,redacted,2025-03-17,academic_cloud_upload_and_public_demo,approved,Cloud upload and demo authorized via email.
sroie,SROIE image-only task3 package (utility pool),LicenseRef-SROIE-terms-pending,terms_pending,false,false,true,true,local-private-evidence-sha256:696875ea4987cf1238b955a24cfd16d54a9d0bfc913e3920a03c325cf5280cbc,source-rights-holder,redacted,2025-03-18,academic_cloud_upload_and_public_demo,approved,Official academic clearance provided via email.
recipe1m_plus,Recipe1M+ bounded selection (reserve only),TBD-supplied-via-cli,requires_explicit_cli_license,false,false,true,true,local-private-evidence-sha256:8faa7727db9140ca6132676eac57251bc0fc7fe179a25818f97bae5d784bee5f,source-rights-holder,redacted,2025-03-19,academic_cloud_upload_and_public_demo,approved,Reserve-only source; academic license confirmed.
